{"cameraMode":{"drawMode":0,"name":"Shaded","section":"Shading Mode"},"sceneLighting":false,"audioPlay":false,"sceneViewState":{"m_AlwaysRefresh":false,"showFog":true,"showSkybox":false,"showFlares":true,"showImageEffects":true,"showParticleSystems":true,"showVisualEffectGraphs":true,"m_FxEnabled":true},"in2DMode":false,"pivot":{"x":0.8028498888015747,"y":0.2920230031013489,"z":0.23374035954475404},"rotation":{"x":-0.047032177448272708,"y":-0.9319106936454773,"z":0.12647977471351624,"w":-0.3375524580478668},"size":0.21539688110351563,"orthographic":false}